geoid,population,gravity_hospital_count,2sfca_30min_hospital_count,e2sfca_hospital_count,3sfca_hospital_count
p1,100,730.0,0.19090909090909092,0.17333657343232817,0.26690780622775057
p2,500,380.0,0.09999999999999999,0.09185620891397966,0.07761173404306276
p3,1000,692.1428571428571,0.09090909090909091,0.09673823819977735,0.09450335235569356
